2001:ac8:a:f::/64	mullvad
2001:ac8:a:19::/64	mullvad
2001:ac8:a:1b::/64	mullvad
2001:ac8:17:20::/64	mullvad
2001:ac8:20:270::/64	mullvad
2001:ac8:20:271::/64	mullvad
2001:ac8:20:272::/64	mullvad
2001:ac8:23:84::/64	mullvad
2001:ac8:23:85::/64	mullvad
2001:ac8:23:86::/64	mullvad
2001:ac8:24:17::/64	mullvad
2001:ac8:24:18::/64	mullvad
2001:ac8:25:3a::/64	mullvad
2001:ac8:25:3b::/64	mullvad
2001:ac8:25:3c::/64	mullvad
2001:ac8:26:54::/64	mullvad
2001:ac8:26:55::/64	mullvad
2001:ac8:27:88::/64	mullvad
2001:ac8:27:89::/64	mullvad
2001:ac8:27:92::/64	mullvad
2001:ac8:28:aa::/64	mullvad
2001:ac8:28:ab::/64	mullvad
2001:ac8:28:ac::/64	mullvad
2001:ac8:28:ad::/64	mullvad
2001:ac8:29:b3::/64	mullvad
2001:ac8:29:b4::/64	mullvad
2001:ac8:29:b5::/64	mullvad
2001:ac8:30:54::/64	mullvad
2001:ac8:30:55::/64	mullvad
2001:ac8:30:56::/64	mullvad
2001:ac8:33:c::/64	mullvad
2001:ac8:33:d::/64	mullvad
2001:ac8:37:96::/64	mullvad
2001:ac8:37:97::/64	mullvad
2001:ac8:40:13::/64	mullvad
2001:ac8:40:14::/64	mullvad
2001:ac8:40:1d::/64	mullvad
2001:ac8:40:22::/64	mullvad
2001:ac8:7d:37::/64	mullvad
2001:ac8:7d:38::/64	mullvad
2001:ac8:84:4::/64	mullvad
2001:ac8:84:5::/64	mullvad
2001:ac8:84:6::/64	mullvad
2001:ac8:88:107::/64	mullvad
2001:ac8:88:108::/64	mullvad
2001:ac8:88:109::/64	mullvad
2001:ac8:8b:104::/64	mullvad
2001:ac8:8b:105::/64	mullvad
2001:ac8:8b:106::/64	mullvad
2001:ac8:8b:107::/64	mullvad
2001:ac8:9a:75::/64	mullvad
2001:ac8:9a:76::/64	mullvad
2001:ac8:9a:78::/64	mullvad
2403:2c81:1000::/64	mullvad
2404:f780:0:deb::/64	mullvad
2404:f780:0:dec::/64	mullvad
2404:f780:0:def::/64	mullvad
2404:f780:4:deb::/64	mullvad
2404:f780:4:dec::/64	mullvad
2404:f780:4:def::/64	mullvad
2404:f780:5:deb::/64	mullvad
2404:f780:5:dec::/64	mullvad
2404:f780:5:def::/64	mullvad
2404:f780:8:deb::/64	mullvad
2404:f780:8:dec::/64	mullvad
2406:d501:f:dfa::/64	mullvad
2406:d501:f:dfb::/64	mullvad
2406:d501:f:dfc::/64	mullvad
2602:f99d::/64	mullvad
2602:fa19::/64	mullvad
2602:fa45::/64	mullvad
2602:fa47::/64	mullvad
2602:fed2:7e0a::/64	mullvad
2602:ffe4:c06:11e::/64	mullvad
2602:ffe4:c09:109::/64	mullvad
2602:ffe4:c09:10a::/64	mullvad
2602:ffe4:c0d:801d::/64	mullvad
2602:ffe4:c0d:801e::/64	mullvad
2602:ffe4:c20:112::/64	mullvad
2604:980:1002:11::/64	mullvad
2604:980:e007:100::/64	mullvad
2604:e8c0:6::/64	mullvad
2606:9580:103:e::/64	mullvad
2606:9580:103:f::/64	mullvad
2606:9580:438:32::/64	mullvad
2606:9580:438:64::/64	mullvad
2607:9000:0:101::/64	mullvad
2607:9000:0:102::/64	mullvad
2607:9000:0:103::/64	mullvad
2607:9000:0:104::/64	mullvad
2607:9000:0:105::/64	mullvad
2607:9000:0:106::/64	mullvad
2607:9000:0:107::/64	mullvad
2607:9000:0:108::/64	mullvad
2607:9000:100:41::/64	mullvad
2607:9000:100:42::/64	mullvad
2607:9000:100:43::/64	mullvad
2607:9000:100:44::/64	mullvad
2607:9000:100:45::/64	mullvad
2607:9000:100:46::/64	mullvad
2607:9000:100:47::/64	mullvad
2607:9000:100:48::/64	mullvad
2607:9000:300:31::/64	mullvad
2607:9000:300:32::/64	mullvad
2607:9000:300:33::/64	mullvad
2607:9000:300:34::/64	mullvad
2607:9000:300:35::/64	mullvad
2607:9000:300:36::/64	mullvad
2607:9000:300:37::/64	mullvad
2607:9000:300:38::/64	mullvad
2607:9000:600:31::/64	mullvad
2607:9000:600:32::/64	mullvad
2607:9000:600:33::/64	mullvad
2607:9000:600:34::/64	mullvad
2607:9000:600:35::/64	mullvad
2607:9000:600:36::/64	mullvad
2607:9000:600:37::/64	mullvad
2607:9000:700:41::/64	mullvad
2607:9000:700:42::/64	mullvad
2607:9000:700:43::/64	mullvad
2607:9000:700:44::/64	mullvad
2607:9000:700:45::/64	mullvad
2607:9000:700:46::/64	mullvad
2607:9000:700:47::/64	mullvad
2607:9000:700:48::/64	mullvad
2607:9000:800:31::/64	mullvad
2607:9000:800:32::/64	mullvad
2607:9000:800:33::/64	mullvad
2607:9000:800:34::/64	mullvad
2607:9000:800:35::/64	mullvad
2607:9000:800:36::/64	mullvad
2607:9000:800:37::/64	mullvad
2607:9000:800:38::/64	mullvad
2607:9000:900:31::/64	mullvad
2607:9000:900:32::/64	mullvad
2607:9000:900:33::/64	mullvad
2607:9000:900:34::/64	mullvad
2607:9000:900:35::/64	mullvad
2607:9000:900:36::/64	mullvad
2607:9000:900:37::/64	mullvad
2607:9000:900:38::/64	mullvad
2607:9000:b00:31::/64	mullvad
2607:9000:b00:32::/64	mullvad
2607:9000:b00:33::/64	mullvad
2607:9000:b00:34::/64	mullvad
2607:9000:b00:35::/64	mullvad
2607:9000:b00:36::/64	mullvad
2607:9000:b00:37::/64	mullvad
2607:9000:b00:38::/64	mullvad
2607:9000:c00:31::/64	mullvad
2607:9000:c00:32::/64	mullvad
2607:9000:c00:33::/64	mullvad
2607:9000:c00:34::/64	mullvad
2607:9000:c00:35::/64	mullvad
2607:9000:c00:36::/64	mullvad
2607:9000:c00:37::/64	mullvad
2607:9000:c00:38::/64	mullvad
2607:9000:d00:2::/64	mullvad
2607:9000:d00:3::/64	mullvad
2607:9000:d00:4::/64	mullvad
2607:9000:d00:5::/64	mullvad
2607:9000:d00:6::/64	mullvad
2607:9000:d00:7::/64	mullvad
2607:9000:d00:8::/64	mullvad
2607:9000:d00:9::/64	mullvad
2607:9000:e00:2::/64	mullvad
2607:9000:e00:3::/64	mullvad
2607:9000:e00:4::/64	mullvad
2607:9000:e00:5::/64	mullvad
2607:9000:e00:6::/64	mullvad
2607:9000:e00:7::/64	mullvad
2607:9000:e00:8::/64	mullvad
2607:9000:e00:9::/64	mullvad
2607:9000:f00:2::/64	mullvad
2607:9000:f00:3::/64	mullvad
2607:9000:f00:4::/64	mullvad
2607:9000:f00:5::/64	mullvad
2607:9000:f00:6::/64	mullvad
2607:9000:f00:7::/64	mullvad
2607:9000:f00:8::/64	mullvad
2607:9000:f00:9::/64	mullvad
2607:9000:2000:41::/64	mullvad
2607:9000:2000:42::/64	mullvad
2607:9000:2000:43::/64	mullvad
2607:9000:2000:44::/64	mullvad
2607:9000:2000:45::/64	mullvad
2607:9000:2000:46::/64	mullvad
2607:9000:2000:47::/64	mullvad
2607:9000:2000:48::/64	mullvad
2607:9000:4000:31::/64	mullvad
2607:9000:4000:32::/64	mullvad
2607:9000:4000:33::/64	mullvad
2607:9000:4000:34::/64	mullvad
2607:9000:4000:35::/64	mullvad
2607:9000:4000:36::/64	mullvad
2607:9000:4000:37::/64	mullvad
2607:9000:4000:38::/64	mullvad
2607:9000:5000:31::/64	mullvad
2607:9000:5000:32::/64	mullvad
2607:9000:5000:33::/64	mullvad
2607:9000:5000:34::/64	mullvad
2607:9000:5000:35::/64	mullvad
2607:9000:5000:36::/64	mullvad
2607:9000:5000:37::/64	mullvad
2607:9000:5000:38::/64	mullvad
2607:9000:a000:31::/64	mullvad
2607:9000:a000:32::/64	mullvad
2607:9000:a000:33::/64	mullvad
2607:9000:a000:34::/64	mullvad
2607:9000:a000:35::/64	mullvad
2607:9000:a000:36::/64	mullvad
2607:9000:a000:37::/64	mullvad
2607:9000:a000:38::/64	mullvad
2a01:4740:1::/64	mullvad
2a01:4740:2::/64	mullvad
2a01:4740:3::/64	mullvad
2a02:20c8:4120::/64	mullvad
2a02:20c8:4124::/64	mullvad
2a02:29b8:dc01:1831::/64	mullvad
2a02:29b8:dc01:1832::/64	mullvad
2a02:6ea0:a03::/64	mullvad
2a02:6ea0:a03:2::/64	mullvad
2a02:6ea0:1508:1::/64	mullvad
2a02:6ea0:1508:2::/64	mullvad
2a02:6ea0:1508:3::/64	mullvad
2a02:6ea0:1508:4::/64	mullvad
2a02:6ea0:1508:5::/64	mullvad
2a02:6ea0:1508:6::/64	mullvad
2a02:6ea0:1508:7::/64	mullvad
2a02:6ea0:1508:8::/64	mullvad
2a02:6ea0:1508:9::/64	mullvad
2a02:6ea0:1714::/64	mullvad
2a02:6ea0:1714:1::/64	mullvad
2a02:6ea0:1714:2::/64	mullvad
2a02:6ea0:1901:2::/64	mullvad
2a02:6ea0:1901:3::/64	mullvad
2a02:6ea0:2901::/64	mullvad
2a02:6ea0:2901:1::/64	mullvad
2a02:6ea0:3b00:1::/64	mullvad
2a02:6ea0:3b00:2::/64	mullvad
2a02:6ea0:3b00:3::/64	mullvad
2a02:6ea0:470b::/64	mullvad
2a02:6ea0:4f00::/64	mullvad
2a02:6ea0:5100:1::/64	mullvad
2a02:6ea0:5100:2::/64	mullvad
2a02:6ea0:5400:1::/64	mullvad
2a02:6ea0:5400:2::/64	mullvad
2a02:6ea0:5500:1::/64	mullvad
2a02:6ea0:5500:2::/64	mullvad
2a02:6ea0:5700:1::/64	mullvad
2a02:6ea0:5700:2::/64	mullvad
2a02:6ea0:5e03:3::/64	mullvad
2a02:6ea0:5e03:4::/64	mullvad
2a02:6ea0:5e03:5::/64	mullvad
2a02:6ea0:c034:1::/64	mullvad
2a02:6ea0:c034:2::/64	mullvad
2a02:6ea0:c034:3::/64	mullvad
2a02:6ea0:c122:1::/64	mullvad
2a02:6ea0:c122:2::/64	mullvad
2a02:6ea0:c201:1::/64	mullvad
2a02:6ea0:c318:1::/64	mullvad
2a02:6ea0:c318:2::/64	mullvad
2a02:6ea0:c43f::/64	mullvad
2a02:6ea0:c43f:1::/64	mullvad
2a02:6ea0:c43f:2::/64	mullvad
2a02:6ea0:c61f::/64	mullvad
2a02:6ea0:c61f:1::/64	mullvad
2a02:6ea0:c61f:2::/64	mullvad
2a02:6ea0:c762:1::/64	mullvad
2a02:6ea0:c762:2::/64	mullvad
2a02:6ea0:c762:3::/64	mullvad
2a02:6ea0:c859:1::/64	mullvad
2a02:6ea0:c859:2::/64	mullvad
2a02:6ea0:c859:3::/64	mullvad
2a02:6ea0:cb1b:1::/64	mullvad
2a02:6ea0:cb1b:2::/64	mullvad
2a02:6ea0:cc1f::/64	mullvad
2a02:6ea0:cc1f:1::/64	mullvad
2a02:6ea0:cc1f:2::/64	mullvad
2a02:6ea0:ce08:1::/64	mullvad
2a02:6ea0:ce08:2::/64	mullvad
2a02:6ea0:ce08:3::/64	mullvad
2a02:6ea0:d00e:1::/64	mullvad
2a02:6ea0:d00e:2::/64	mullvad
2a02:6ea0:d13e:1::/64	mullvad
2a02:6ea0:d13e:2::/64	mullvad
2a02:6ea0:d13e:3::/64	mullvad
2a02:6ea0:d20c:1::/64	mullvad
2a02:6ea0:d20c:2::/64	mullvad
2a02:6ea0:d20c:3::/64	mullvad
2a02:6ea0:d31b::/64	mullvad
2a02:6ea0:d31c::/64	mullvad
2a02:6ea0:d406:1::/64	mullvad
2a02:6ea0:d406:2::/64	mullvad
2a02:6ea0:d406:3::/64	mullvad
2a02:6ea0:d406:4::/64	mullvad
2a02:6ea0:d509:1::/64	mullvad
2a02:6ea0:d509:2::/64	mullvad
2a02:6ea0:d509:3::/64	mullvad
2a02:6ea0:d70a::/64	mullvad
2a02:6ea0:d70a:1::/64	mullvad
2a02:6ea0:d70a:2::/64	mullvad
2a02:6ea0:d80b:1::/64	mullvad
2a02:6ea0:d80b:2::/64	mullvad
2a02:6ea0:d80b:3::/64	mullvad
2a02:6ea0:dc05::/64	mullvad
2a02:6ea0:dc06::/64	mullvad
2a02:6ea0:de08:1::/64	mullvad
2a02:6ea0:de08:2::/64	mullvad
2a02:6ea0:e001::/64	mullvad
2a02:6ea0:e001:1::/64	mullvad
2a02:6ea0:e001:2::/64	mullvad
2a02:6ea0:e001:3::/64	mullvad
2a02:6ea0:e109:1::/64	mullvad
2a02:6ea0:e109:2::/64	mullvad
2a02:6ea0:e206:1::/64	mullvad
2a02:6ea0:e206:2::/64	mullvad
2a02:6ea0:e206:3::/64	mullvad
2a02:6ea0:e611::/64	mullvad
2a02:6ea0:e611:1::/64	mullvad
2a02:6ea0:e813::/64	mullvad
2a02:6ea0:e813:1::/64	mullvad
2a02:6ea0:f002:1::/64	mullvad
2a02:6ea0:f002:2::/64	mullvad
2a02:6ea0:f101:1::/64	mullvad
2a02:6ea0:f101:2::/64	mullvad
2a02:6ea0:f206::/64	mullvad
2a02:6ea0:f207::/64	mullvad
2a02:6ea0:f401:1::/64	mullvad
2a02:6ea0:f401:2::/64	mullvad
2a02:6ea0:f501:2::/64	mullvad
2a02:6ea0:f501:3::/64	mullvad
2a02:6ea0:f803::/64	mullvad
2a02:6ea0:f803:1::/64	mullvad
2a02:6ea0:f803:2::/64	mullvad
2a02:6ea0:f803:3::/64	mullvad
2a02:6ea0:f901::/64	mullvad
2a02:6ea0:f901:1::/64	mullvad
2a02:6ea0:fb01:1::/64	mullvad
2a02:6ea0:fb01:2::/64	mullvad
2a02:6ea0:fc02:2::/64	mullvad
2a02:6ea0:fc02:3::/64	mullvad
2a02:6ea0:fe00:1::/64	mullvad
2a02:6ea0:fe00:2::/64	mullvad
2a02:ed04:3581:1::/64	mullvad
2a02:ed04:3581:2::/64	mullvad
2a02:ed04:3581:3::/64	mullvad
2a02:ed04:3581:4::/64	mullvad
2a03:1b20:1:e011::/64	mullvad
2a03:1b20:1:f410::/64	mullvad
2a03:1b20:3:f011::/64	mullvad
2a03:1b20:4:f011::/64	mullvad
2a03:1b20:5:f011::/64	mullvad
2a03:1b20:6:f011::/64	mullvad
2a03:1b20:7:f011::/64	mullvad
2a03:1b20:8:f011::/64	mullvad
2a03:1b20:9:f011::/64	mullvad
2a03:1b20:a:f011::/64	mullvad
2a03:1b20:b:f011::/64	mullvad
2a03:1b20:c:f011::/64	mullvad
2a03:1b20:d:f011::/64	mullvad
2a03:ee40:3304::/64	mullvad
2a04:27c0:0:c::/64	mullvad
2a04:27c0:0:d::/64	mullvad
2a04:27c0:0:e::/64	mullvad
2a04:27c0:0:f::/64	mullvad
2a04:9dc0:0:134::/64	mullvad
2a04:9dc0:0:135::/64	mullvad
2a04:9dc0:0:136::/64	mullvad
2a04:9dc0:18:70::/64	mullvad
2a04:9dc0:18:71::/64	mullvad
2a04:9dc0:18:73::/64	mullvad
2a06:3040:0:1410::/64	mullvad
2a06:3040:2:210::/64	mullvad
2a06:3040:3:210::/64	mullvad
2a06:3040:4:610::/64	mullvad
2a06:3040:7:210::/64	mullvad
2a06:3040:9:610::/64	mullvad
2a06:3040:d:410::/64	mullvad
2a06:3040:f:601::/64	mullvad
2a06:3040:10:610::/64	mullvad
2a06:3040:11:610::/64	mullvad
2a06:3040:12:610::/64	mullvad
2a06:3040:18:210::/64	mullvad
2a06:3040:22:620::/64	mullvad
2a06:3040:31:601::/64	mullvad
2a07:d883:600:1::/64	mullvad
2a07:d883:600:2::/64	mullvad
2a07:d883:600:3::/64	mullvad
2a07:d883:700:1::/64	mullvad
2a07:d883:700:2::/64	mullvad
2a07:d883:700:3::/64	mullvad
2a07:d883:701:1::/64	mullvad
2a07:d883:701:2::/64	mullvad
2a07:d883:701:3::/64	mullvad
2a07:d883:702:1::/64	mullvad
2a07:d883:702:2::/64	mullvad
2a07:d883:702:3::/64	mullvad
2a07:d883:703:1::/64	mullvad
2a07:d883:703:2::/64	mullvad
2a07:d883:703:3::/64	mullvad
2a07:d883:704:1::/64	mullvad
2a07:d883:704:2::/64	mullvad
2a07:d883:704:3::/64	mullvad
2a07:d883:705:1::/64	mullvad
2a07:d883:705:2::/64	mullvad
2a07:d883:705:3::/64	mullvad
2a0c:f040:0:2790::/64	mullvad
2a0d:5600:6:104::/64	mullvad
2a0d:5600:6:105::/64	mullvad
2a0d:5600:6:106::/64	mullvad
2a0d:5600:8:4::/64	mullvad
2a0d:5600:8:6::/64	mullvad
2a0d:5600:8:d::/64	mullvad
2a0d:5600:8:2f::/64	mullvad
2a0d:5600:8:37::/64	mullvad
2a0d:5600:8:38::/64	mullvad
2a0d:5600:9:c::/64	mullvad
2a0d:5600:9:d::/64	mullvad
2a0d:5600:9:e::/64	mullvad
2a0d:5600:9:16::/64	mullvad
2a0d:5600:d:40::/64	mullvad
2a0d:5600:d:41::/64	mullvad
2a0d:5600:d:42::/64	mullvad
2a0d:5600:d:43::/64	mullvad
2a0d:5600:13:67::/64	mullvad
2a0d:5600:13:c47::/64	mullvad
2a0d:5600:24:2b6::/64	mullvad
2a0d:5600:24:2b7::/64	mullvad
2a0d:5600:24:2b8::/64	mullvad
2a0d:5600:24:2b9::/64	mullvad
2a0d:5600:24:2c2::/64	mullvad
2a0d:5600:24:2c3::/64	mullvad
2a0d:5600:24:136a::/64	mullvad
2a0d:5600:24:1372::/64	mullvad
2a0d:5600:24:1374::/64	mullvad
2a0d:5600:24:1377::/64	mullvad
2a0d:5600:24:1378::/64	mullvad
2a0d:5600:24:1379::/64	mullvad
2a0d:5600:24:1383::/64	mullvad
2a11:3:500::/64	mullvad
